NOC,Year,Population
AFG,1936,12000000
AFG,1948,7000000
AFG,1956,7000000
AFG,1960,8996967
AFG,1964,9744772
AFG,1968,10637064
AFG,1972,11791222
AFG,1980,13356500
AFG,1988,11618008
AFG,1996,18853444
AFG,2004,24726689
AFG,2008,27722281
AFG,2012,31161378
AFG,2016,35383028
AHO,1952,
AHO,1960,
AHO,1964,
AHO,1968,
AHO,1972,
AHO,1976,
AHO,1984,
AHO,1988,
AHO,1992,
AHO,1996,
AHO,2000,
AHO,2004,
AHO,2008,
ALB,1972,2243126
ALB,1992,3247039
ALB,1996,3168033
ALB,2000,3089027
ALB,2004,3026939
ALB,2006,2992547
ALB,2008,2947314
ALB,2010,2913021
ALB,2012,2900401
ALB,2014,2889104
ALB,2016,2876101
ALG,1964,
ALG,1968,
ALG,1972,
ALG,1980,
ALG,1984,
ALG,1988,
ALG,1992,
ALG,1996,
ALG,2000,
ALG,2004,
ALG,2006,
ALG,2008,
ALG,2010,
ALG,2012,
ALG,2016,
AND,1976,31782
AND,1980,36063
AND,1984,42706
AND,1988,50433
AND,1992,58882
AND,1994,62676
AND,1996,64363
AND,1998,64140
AND,2000,65390
AND,2002,70048
AND,2004,76250
AND,2006,80995
AND,2008,83860
AND,2010,84454
AND,2012,82427
AND,2014,79213
AND,2016,77295
ANG,1980,
ANG,1988,
ANG,1992,
ANG,1996,
ANG,2000,
ANG,2004,
ANG,2008,
ANG,2012,
ANG,2016,
ANT,1976,
ANT,1984,
ANT,1988,
ANT,1992,
ANT,1996,
ANT,2000,
ANT,2004,
ANT,2008,
ANT,2012,
ANT,2016,
ANZ,1908,
ANZ,1912,
ARG,1900,3376000
ARG,1908,3376000
ARG,1920,6836000
ARG,1924,6836000
ARG,1928,6836000
ARG,1932,8861000
ARG,1936,8861000
ARG,1948,11896000
ARG,1952,14169000
ARG,1956,14169000
ARG,1960,20481781
ARG,1964,21824427
ARG,1968,23168268
ARG,1972,24653172
ARG,1976,26264681
ARG,1980,27896532
ARG,1984,29737097
ARG,1988,31668939
ARG,1992,33529320
ARG,1994,34402669
ARG,1996,35246376
ARG,1998,36063451
ARG,2000,36870796
ARG,2002,37681743
ARG,2004,38491970
ARG,2006,39289876
ARG,2008,40080159
ARG,2010,40788453
ARG,2012,41733271
ARG,2014,42669500
ARG,2016,43590368
ARM,1994,3283664
ARM,1996,3168213
ARM,1998,3108691
ARM,2000,3069597
ARM,2002,3033976
ARM,2004,3000715
ARM,2006,2958301
ARM,2008,2907615
ARM,2010,2877314
ARM,2012,2884239
ARM,2014,2912403
ARM,2016,2936147
ARU,1988,
ARU,1992,
ARU,1996,
ARU,2000,
ARU,2004,
ARU,2008,
ARU,2012,
ARU,2016,
ASA,1988,
ASA,1992,
ASA,1994,
ASA,1996,
ASA,2000,
ASA,2004,
ASA,2008,
ASA,2012,
ASA,2016,
AUS,1896,3107000
AUS,1900,3107000
AUS,1904,3107000
AUS,1906,3107000
AUS,1920,4375000
AUS,1924,4375000
AUS,1928,4375000
AUS,1932,5358000
AUS,1936,5358000
AUS,1948,6469000
AUS,1952,7042000
AUS,1956,7042000
AUS,1960,10276477
AUS,1964,11167000
AUS,1968,12009000
AUS,1972,13177000
AUS,1976,14033000
AUS,1980,14692000
AUS,1984,15544000
AUS,1988,16532200
AUS,1992,17495000
AUS,1994,17855000
AUS,1996,18311000
AUS,1998,18711000
AUS,2000,19153000
AUS,2002,19651400
AUS,2004,20127400
AUS,2006,20697900
AUS,2008,21249200
AUS,2010,22031750
AUS,2012,22733465
AUS,2014,23475686
AUS,2016,24190907
AUT,1896,5394000
AUT,1900,5394000
AUT,1904,5394000
AUT,1906,5394000
AUT,1908,5394000
AUT,1912,5973000
AUT,1924,6614000
AUT,1928,6614000
AUT,1932,6455000
AUT,1936,6455000
AUT,1948,6684000
AUT,1952,6705000
AUT,1956,6705000
AUT,1960,7047539
AUT,1964,7223801
AUT,1968,7415403
AUT,1972,7544201
AUT,1976,7565525
AUT,1980,7549433
AUT,1984,7561434
AUT,1988,7585317
AUT,1992,7840709
AUT,1994,7936118
AUT,1996,7959017
AUT,1998,7976789
AUT,2000,8011566
AUT,2002,8081957
AUT,2004,8171966
AUT,2006,8268641
AUT,2008,8321496
AUT,2010,8363404
AUT,2012,8429991
AUT,2014,8546356
AUT,2016,8736668
AZE,1996,7763000
AZE,1998,7913000
AZE,2000,8048600
AZE,2002,8171950
AZE,2004,8306500
AZE,2006,8484550
AZE,2008,8763400
AZE,2010,9054332
AZE,2012,9295784
AZE,2014,9535079
AZE,2016,9757812
BAH,1952,
BAH,1956,
BAH,1960,
BAH,1964,
BAH,1968,
BAH,1972,
BAH,1976,
BAH,1984,
BAH,1988,
BAH,1992,
BAH,1996,
BAH,2000,
BAH,2004,
BAH,2008,
BAH,2012,
BAH,2016,
BAN,1984,
BAN,1988,
BAN,1992,
BAN,1996,
BAN,2000,
BAN,2004,
BAN,2008,
BAN,2012,
BAN,2016,
BAR,1968,
BAR,1972,
BAR,1976,
BAR,1984,
BAR,1988,
BAR,1992,
BAR,1996,
BAR,2000,
BAR,2004,
BAR,2008,
BAR,2012,
BAR,2016,
BDI,1996,6060110
BDI,2000,6378871
BDI,2004,7131688
BDI,2008,8126104
BDI,2012,9245992
BDI,2016,10488002
BEL,1900,6096000
BEL,1906,6096000
BEL,1908,6096000
BEL,1912,6719000
BEL,1920,7498000
BEL,1924,7498000
BEL,1928,7498000
BEL,1932,7552000
BEL,1936,7552000
BEL,1948,8076000
BEL,1952,8346000
BEL,1956,8346000
BEL,1960,9153489
BEL,1964,9378113
BEL,1968,9618756
BEL,1972,9711115
BEL,1976,9818227
BEL,1980,9859242
BEL,1984,9855372
BEL,1988,9901664
BEL,1992,10045158
BEL,1994,10115603
BEL,1996,10156637
BEL,1998,10203008
BEL,2000,10251250
BEL,2002,10332785
BEL,2004,10421137
BEL,2006,10547958
BEL,2008,10709973
BEL,2010,10895586
BEL,2012,11106932
BEL,2014,11209057
BEL,2016,11331422
BEN,1972,3043563
BEN,1980,3717161
BEN,1984,4156819
BEN,1988,4672844
BEN,1992,5331805
BEN,1996,6094272
BEN,2000,6865946
BEN,2004,7750003
BEN,2008,8696915
BEN,2012,9729254
BEN,2016,10872072
BER,1936,
BER,1948,
BER,1952,
BER,1956,
BER,1960,
BER,1964,
BER,1968,
BER,1972,
BER,1976,
BER,1984,
BER,1988,
BER,1992,
BER,1994,
BER,1996,
BER,1998,
BER,2000,
BER,2002,
BER,2004,
BER,2006,
BER,2008,
BER,2010,
BER,2012,
BER,2014,
BER,2016,
BHU,1984,
BHU,1988,
BHU,1992,
BHU,1996,
BHU,2000,
BHU,2004,
BHU,2008,
BHU,2012,
BHU,2016,
BIH,1992,4233673
BIH,1994,3936527
BIH,1996,3764419
BIH,1998,3734338
BIH,2000,3751176
BIH,2002,3759389
BIH,2004,3764194
BIH,2006,3765422
BIH,2008,3754261
BIH,2010,3705478
BIH,2012,3604972
BIH,2014,3482106
BIH,2016,3386263
BIZ,1968,
BIZ,1972,
BIZ,1976,
BIZ,1984,
BIZ,1988,
BIZ,1992,
BIZ,1996,
BIZ,2000,
BIZ,2004,
BIZ,2008,
BIZ,2012,
BIZ,2016,
BLR,1994,10227000
BLR,1996,10160000
BLR,1998,10069000
BLR,2000,9979610
BLR,2002,9865548
BLR,2004,9730146
BLR,2006,9604924
BLR,2008,9527985
BLR,2010,9490583
BLR,2012,9464495
BLR,2014,9474511
BLR,2016,9501534
BOH,1900,
BOH,1906,
BOH,1908,
BOH,1912,
BOL,1936,2136000
BOL,1956,2690000
BOL,1964,3957759
BOL,1968,4297522
BOL,1972,4682392
BOL,1976,5113458
BOL,1980,5579932
BOL,1984,6054126
BOL,1988,6580318
BOL,1992,7160917
BOL,1996,7779268
BOL,2000,8418270
BOL,2004,9069044
BOL,2008,9721457
BOL,2012,10377677
BOL,2016,11031822
BOT,1980,
BOT,1984,
BOT,1988,
BOT,1992,
BOT,1996,
BOT,2000,
BOT,2004,
BOT,2008,
BOT,2012,
BOT,2016,
BRA,1900,14199000
BRA,1920,22216000
BRA,1924,22216000
BRA,1932,27404000
BRA,1936,27404000
BRA,1948,33568000
BRA,1952,41114000
BRA,1956,41114000
BRA,1960,72179235
BRA,1964,81064572
BRA,1968,90387079
BRA,1972,99859388
BRA,1976,109790943
BRA,1980,120694012
BRA,1984,132383569
BRA,1988,143627505
BRA,1992,154259382
BRA,1994,159432717
BRA,1996,164614682
BRA,1998,169785253
BRA,2000,174790339
BRA,2002,179537523
BRA,2004,184006479
BRA,2006,188167353
BRA,2008,192030362
BRA,2010,195713637
BRA,2012,199287292
BRA,2014,202763744
BRA,2016,206163056
BRN,1984,218176
BRN,1988,244405
BRN,1992,273888
BRN,1996,304620
BRN,2000,333166
BRN,2004,359434
BRN,2008,379418
BRN,2012,398997
BRN,2016,419791
BRU,1996,
BRU,2000,
BRU,2004,
BRU,2012,
BRU,2016,
BUL,1924,
BUL,1928,
BUL,1932,
BUL,1936,
BUL,1948,
BUL,1952,
BUL,1956,
BUL,1960,
BUL,1964,
BUL,1968,
BUL,1972,
BUL,1976,
BUL,1980,
BUL,1984,
BUL,1988,
BUL,1992,
BUL,1994,
BUL,1996,
BUL,1998,
BUL,2000,
BUL,2002,
BUL,2004,
BUL,2006,
BUL,2008,
BUL,2010,
BUL,2012,
BUL,2014,
BUL,2016,
BUR,1972,
BUR,1988,
BUR,1992,
BUR,1996,
BUR,2000,
BUR,2004,
BUR,2008,
BUR,2012,
BUR,2016,
CAF,1968,1744198
CAF,1984,2478382
CAF,1988,2693974
CAF,1992,2959236
CAF,1996,3308235
CAF,2000,3640421
CAF,2004,3959883
CAF,2008,4273368
CAF,2012,4436411
CAF,2016,4537683
CAM,1956,
CAM,1964,
CAM,1972,
CAM,1996,
CAM,2000,
CAM,2004,
CAM,2008,
CAM,2012,
CAM,2016,
CAN,1900,4918000
CAN,1904,4918000
CAN,1906,4918000
CAN,1908,4918000
CAN,1912,5457000
CAN,1920,7188000
CAN,1924,7188000
CAN,1928,7188000
CAN,1932,8798000
CAN,1936,8798000
CAN,1948,10488000
CAN,1952,11688000
CAN,1956,11688000
CAN,1960,17909009
CAN,1964,19325000
CAN,1968,20744000
CAN,1972,22218463
CAN,1976,23449808
CAN,1980,24515667
CAN,1984,25607053
CAN,1988,26791747
CAN,1992,28371264
CAN,1994,29000663
CAN,1996,29610218
CAN,1998,30155173
CAN,2000,30685730
CAN,2002,31360079
CAN,2004,31940655
CAN,2006,32571174
CAN,2008,33247118
CAN,2010,34004889
CAN,2012,34714222
CAN,2014,35437435
CAN,2016,36109487
CAY,1976,
CAY,1984,
CAY,1988,
CAY,1992,
CAY,1996,
CAY,2000,
CAY,2004,
CAY,2008,
CAY,2010,
CAY,2012,
CAY,2014,
CAY,2016,
CGO,1964,
CGO,1972,
CGO,1980,
CGO,1984,
CGO,1988,
CGO,1992,
CGO,1996,
CGO,2000,
CGO,2004,
CGO,2008,
CGO,2012,
CGO,2016,
CHA,1964,
CHA,1968,
CHA,1972,
CHA,1984,
CHA,1988,
CHA,1992,
CHA,1996,
CHA,2000,
CHA,2004,
CHA,2008,
CHA,2012,
CHA,2016,
CHI,1912,
CHI,1920,
CHI,1924,
CHI,1928,
CHI,1936,
CHI,1948,
CHI,1952,
CHI,1956,
CHI,1960,109419
CHI,1964,113777
CHI,1968,118725
CHI,1972,123611
CHI,1976,126908
CHI,1984,132445
CHI,1988,138250
CHI,1992,142006
CHI,1994,142867
CHI,1996,144348
CHI,1998,146500
CHI,2000,148439
CHI,2002,149591
CHI,2004,150722
CHI,2006,152999
CHI,2008,156441
CHI,2010,159718
CHI,2012,162051
CHI,2014,164107
CHI,2016,166922
CHN,1932,472000000
CHN,1936,472000000
CHN,1948,489000000
CHN,1952,518770000
CHN,1980,981235000
CHN,1984,1036825000
CHN,1988,1101630000
CHN,1992,1164970000
CHN,1994,1191835000
CHN,1996,1217550000
CHN,1998,1241935000
CHN,2000,1262645000
CHN,2002,1280400000
CHN,2004,1296075000
CHN,2006,1311020000
CHN,2008,1324655000
CHN,2010,1337705000
CHN,2012,1350695000
CHN,2014,1364270000
CHN,2016,1378665000
CIV,1964,4071411
CIV,1968,4713134
CIV,1972,5576026
CIV,1976,6713949
CIV,1984,9530103
CIV,1988,11094740
CIV,1992,12812428
CIV,1996,14665125
CIV,2000,16454660
CIV,2004,17970493
CIV,2008,19605568
CIV,2012,21547188
CIV,2016,23822726
CMR,1964,5643039
CMR,1968,6201410
CMR,1972,6867170
CMR,1976,7664398
CMR,1980,8621409
CMR,1984,9757849
CMR,1988,11075423
CMR,1992,12499499
CMR,1996,13970812
CMR,2000,15513944
CMR,2002,16357605
CMR,2004,17259322
CMR,2008,19252674
CMR,2012,21485267
CMR,2016,23926549
COD,1968,18913874
COD,1984,29119663
COD,1988,32443784
COD,1992,37333917
COD,1996,42757239
COD,2000,47105830
COD,2004,53068869
COD,2008,60411195
COD,2012,69020749
COD,2016,78789130
COK,1988,
COK,1992,
COK,1996,
COK,2000,
COK,2004,
COK,2008,
COK,2012,
COK,2016,
COL,1900,3369000
COL,1932,6213000
COL,1936,6213000
COL,1948,7914000
COL,1956,9174000
COL,1960,16057714
COL,1964,18175187
COL,1968,20393704
COL,1972,22516429
COL,1976,24608102
COL,1980,26900508
COL,1984,29331230
COL,1988,31822527
COL,1992,34422568
COL,1996,37076387
COL,2000,39629965
COL,2004,42075953
COL,2008,44254972
COL,2010,45222699
COL,2012,46075721
COL,2016,48175048
COM,1996,488625
COM,2000,542358
COM,2004,597230
COM,2008,657227
COM,2012,723865
COM,2016,795597
CPV,1996,395533
CPV,2000,428178
CPV,2004,456619
CPV,2008,480846
CPV,2012,505241
CPV,2016,531140
CRC,1936,
CRC,1964,
CRC,1968,
CRC,1972,
CRC,1976,
CRC,1980,
CRC,1984,
CRC,1988,
CRC,1992,
CRC,1996,
CRC,2000,
CRC,2002,
CRC,2004,
CRC,2006,
CRC,2008,
CRC,2012,
CRC,2016,
CRO,1992,
CRO,1994,
CRO,1996,
CRO,1998,
CRO,2000,
CRO,2002,
CRO,2004,
CRO,2006,
CRO,2008,
CRO,2010,
CRO,2012,
CRO,2014,
CRO,2016,
CRT,1906,
CUB,1900,1632000
CUB,1904,1632000
CUB,1924,2219000
CUB,1928,2219000
CUB,1932,2997000
CUB,1948,3837000
CUB,1952,4566000
CUB,1956,4566000
CUB,1960,7141241
CUB,1964,7793258
CUB,1968,8413549
CUB,1972,9025347
CUB,1976,9554186
CUB,1980,9849457
CUB,1992,10736386
CUB,1996,10939285
CUB,2000,11126423
CUB,2004,11250369
CUB,2008,11236975
CUB,2012,11257112
CUB,2016,11335108
CYP,1980,685408
CYP,1984,697715
CYP,1988,736476
CYP,1992,800610
CYP,1994,837104
CYP,1996,873426
CYP,1998,908710
CYP,2000,943288
CYP,2002,976968
CYP,2004,1010410
CYP,2006,1045508
CYP,2008,1081568
CYP,2010,1112617
CYP,2012,1135046
CYP,2014,1152297
CYP,2016,1170189
CZE,1994,10333587
CZE,1996,10315241
CZE,1998,10294373
CZE,2000,10255063
CZE,2002,10196916
CZE,2004,10197101
CZE,2006,10238905
CZE,2008,10384603
CZE,2010,10474410
CZE,2012,10510785
CZE,2014,10525347
CZE,2016,10566332
DEN,1896,
DEN,1900,
DEN,1906,
DEN,1908,
DEN,1912,
DEN,1920,
DEN,1924,
DEN,1928,
DEN,1932,
DEN,1936,
DEN,1948,
DEN,1952,
DEN,1956,
DEN,1960,
DEN,1964,
DEN,1968,
DEN,1972,
DEN,1976,
DEN,1980,
DEN,1984,
DEN,1988,
DEN,1992,
DEN,1994,
DEN,1996,
DEN,1998,
DEN,2000,
DEN,2002,
DEN,2004,
DEN,2006,
DEN,2008,
DEN,2010,
DEN,2012,
DEN,2014,
DEN,2016,
DJI,1984,406018
DJI,1988,528993
DJI,1992,615050
DJI,1996,643649
DJI,2000,717577
DJI,2008,816361
DJI,2012,868136
DJI,2016,929117
DMA,1996,70933
DMA,2000,69650
DMA,2004,70387
DMA,2008,70829
DMA,2012,70954
DMA,2014,71091
DMA,2016,71307
DOM,1964,3757123
DOM,1968,4247559
DOM,1972,4755464
DOM,1976,5275767
DOM,1980,5803929
DOM,1984,6331760
DOM,1988,6863438
DOM,1992,7408339
DOM,1996,7952766
DOM,2000,8471317
DOM,2004,8974444
DOM,2008,9458079
DOM,2012,9930916
DOM,2016,10397738
ECU,1924,1617000
ECU,1968,5725462
ECU,1972,6429377
ECU,1976,7187794
ECU,1980,7989178
ECU,1984,8843463
ECU,1988,9755576
ECU,1992,10716131
ECU,1996,11703169
ECU,2000,12681123
ECU,2004,13596390
ECU,2008,14535740
ECU,2012,15474099
ECU,2016,16491116
EGY,1906,8799253.883
EGY,1920,11698511.7
EGY,1924,11698511.7
EGY,1928,11698511.7
EGY,1936,13139464.51
EGY,1948,14679848.82
EGY,1952,16812181.46
EGY,1956,16812181.46
EGY,1964,29644875
EGY,1968,32881852
EGY,1972,36102670
EGY,1976,39422731
EGY,1984,47968643
EGY,1988,53399243
EGY,1992,58666812
EGY,1996,63601632
EGY,2000,68831561
EGY,2004,74172073
EGY,2008,79636081
EGY,2012,86422240
EGY,2016,94447071
ERI,2000,2292413
ERI,2004,2719809
ERI,2008,3062782
ERI,2012,0
ERI,2016,0
ESA,1932,
ESA,1968,
ESA,1972,
ESA,1984,
ESA,1988,
ESA,1992,
ESA,1996,
ESA,2000,
ESA,2004,
ESA,2008,
ESA,2012,
ESA,2016,
ESP,1900,17757000
ESP,1920,19858000
ESP,1924,19858000
ESP,1928,19858000
ESP,1932,21232000
ESP,1936,21232000
ESP,1948,23445000
ESP,1952,25757000
ESP,1956,25757000
ESP,1960,30455000
ESP,1964,31609195
ESP,1968,33113134
ESP,1972,34604469
ESP,1976,36137812
ESP,1980,37491165
ESP,1984,38330364
ESP,1988,38766939
ESP,1992,39157685
ESP,1994,39549108
ESP,1996,39889852
ESP,1998,40223509
ESP,2000,40567864
ESP,2002,41431558
ESP,2004,42921895
ESP,2006,44397319
ESP,2008,45954106
ESP,2010,46576897
ESP,2012,46773055
ESP,2014,46480882
ESP,2016,46484062
EST,1920,986000
EST,1924,986000
EST,1928,986000
EST,1932,1115000
EST,1936,1115000
EST,1992,1533091
EST,1994,1462514
EST,1996,1415594
EST,1998,1386156
EST,2000,1396985
EST,2002,1379350
EST,2004,1362550
EST,2006,1346810
EST,2008,1337090
EST,2010,1331475
EST,2012,1322696
EST,2014,1314545
EST,2016,1315790
ETH,1956,18434000
ETH,1960,22151284
ETH,1964,24397010
ETH,1968,26944386
ETH,1972,30140799
ETH,1980,35141703
ETH,1992,51423591
ETH,1996,58883531
ETH,2000,66224809
ETH,2004,74239508
ETH,2006,78489205
ETH,2008,82916236
ETH,2010,87639962
ETH,2012,92726982
ETH,2016,103603461
EUN,1992,
FIJ,1956,
FIJ,1960,
FIJ,1968,
FIJ,1972,
FIJ,1976,
FIJ,1984,
FIJ,1988,
FIJ,1992,
FIJ,1994,
FIJ,1996,
FIJ,2000,
FIJ,2002,
FIJ,2004,
FIJ,2008,
FIJ,2012,
FIJ,2016,
FIN,1906,2364000
FIN,1908,2364000
FIN,1912,2646000
FIN,1920,2929000
FIN,1924,2929000
FIN,1928,2929000
FIN,1932,3133000
FIN,1936,3133000
FIN,1948,3449000
FIN,1952,3698000
FIN,1956,3698000
FIN,1960,4429634
FIN,1964,4548543
FIN,1968,4626469
FIN,1972,4639657
FIN,1976,4725664
FIN,1980,4779535
FIN,1984,4881803
FIN,1988,4946481
FIN,1992,5041992
FIN,1994,5088333
FIN,1996,5124573
FIN,1998,5153498
FIN,2000,5176209
FIN,2002,5200598
FIN,2004,5228172
FIN,2006,5266268
FIN,2008,5313399
FIN,2010,5363352
FIN,2012,5413971
FIN,2014,5461512
FIN,2016,5495303
FRA,1896,40014000
FRA,1900,40014000
FRA,1904,40014000
FRA,1906,40014000
FRA,1908,40014000
FRA,1912,40598000
FRA,1920,41224000
FRA,1924,41224000
FRA,1928,41224000
FRA,1932,39000000
FRA,1936,39000000
FRA,1948,41610000
FRA,1952,41000000
FRA,1956,41000000
FRA,1960,46621688
FRA,1964,49230585
FRA,1968,51175507
FRA,1972,52793151
FRA,1976,54220033
FRA,1980,55161510
FRA,1984,56337675
FRA,1988,57627106
FRA,1992,58851216
FRA,1994,59327200
FRA,1996,59753095
FRA,1998,60186284
FRA,2000,60912500
FRA,2002,61805266
FRA,2004,62704901
FRA,2006,63621376
FRA,2008,64374979
FRA,2010,65027505
FRA,2012,65659814
FRA,2014,66312067
FRA,2016,66724104
FRG,1968,
FRG,1972,
FRG,1976,
FRG,1980,
FRG,1984,
FRG,1988,
FSM,2000,107405
FSM,2004,106624
FSM,2008,103549
FSM,2012,104506
FSM,2016,110215
GAB,1972,611705
GAB,1984,805117
GAB,1988,898472
GAB,1992,1002573
GAB,1996,1112944
GAB,2000,1228359
GAB,2004,1353788
GAB,2008,1518538
GAB,2012,1749677
GAB,2016,2007882
GAM,1984,
GAM,1988,
GAM,1992,
GAM,1996,
GAM,2000,
GAM,2004,
GAM,2008,
GAM,2012,
GAM,2016,
GBR,1896,37485000
GBR,1900,37485000
GBR,1904,37485000
GBR,1906,37485000
GBR,1908,37485000
GBR,1912,41155000
GBR,1920,44916000
GBR,1924,44916000
GBR,1928,44916000
GBR,1932,46821000
GBR,1936,46821000
GBR,1948,45866000
GBR,1952,48226000
GBR,1956,48226000
GBR,1960,52400000
GBR,1964,54000000
GBR,1968,55211700
GBR,1972,56086065
GBR,1976,56211968
GBR,1980,56314216
GBR,1984,56422072
GBR,1988,56928327
GBR,1992,57580402
GBR,1994,57865745
GBR,1996,58166950
GBR,1998,58487141
GBR,2000,58892514
GBR,2002,59370479
GBR,2004,59987905
GBR,2006,60846820
GBR,2008,61806995
GBR,2010,62766365
GBR,2012,63700215
GBR,2014,64602298
GBR,2016,65611593
GBS,1996,
GBS,2000,
GBS,2004,
GBS,2008,
GBS,2012,
GBS,2016,
GDR,1968,
GDR,1972,
GDR,1976,
GDR,1980,
GDR,1984,
GDR,1988,
GEO,1994,4836076
GEO,1996,4491699
GEO,1998,4243607
GEO,2000,4077131
GEO,2002,3978515
GEO,2004,3927340
GEO,2006,3880347
GEO,2008,3848449
GEO,2010,3786695
GEO,2012,3728874
GEO,2014,3719414
GEO,2016,3727505
GEQ,1984,
GEQ,1988,
GEQ,1992,
GEQ,1996,
GEQ,2000,
GEQ,2004,
GEQ,2008,
GEQ,2012,
GEQ,2016,
GER,1896,
GER,1900,
GER,1904,
GER,1906,
GER,1908,
GER,1912,
GER,1928,
GER,1932,
GER,1936,
GER,1952,
GER,1956,
GER,1960,
GER,1964,
GER,1992,
GER,1994,
GER,1996,
GER,1998,
GER,2000,
GER,2002,
GER,2004,
GER,2006,
GER,2008,
GER,2010,
GER,2012,
GER,2014,
GER,2016,
GHA,1952,4386337.833
GHA,1960,6635229
GHA,1964,7524470
GHA,1968,8321773
GHA,1972,9229640
GHA,1984,12405659
GHA,1988,13947047
GHA,1992,15653345
GHA,1996,17462504
GHA,2000,19278850
GHA,2004,21272328
GHA,2008,23563832
GHA,2010,24779614
GHA,2012,25996454
GHA,2016,28481947
GRE,1896,
GRE,1900,
GRE,1904,
GRE,1906,
GRE,1908,
GRE,1912,
GRE,1920,
GRE,1924,
GRE,1928,
GRE,1932,
GRE,1936,
GRE,1948,
GRE,1952,
GRE,1956,
GRE,1960,
GRE,1964,
GRE,1968,
GRE,1972,
GRE,1976,
GRE,1980,
GRE,1984,
GRE,1988,
GRE,1992,
GRE,1994,
GRE,1996,
GRE,1998,
GRE,2000,
GRE,2002,
GRE,2004,
GRE,2006,
GRE,2008,
GRE,2010,
GRE,2012,
GRE,2014,
GRE,2016,
GRN,1984,
GRN,1988,
GRN,1992,
GRN,1996,
GRN,2000,
GRN,2004,
GRN,2008,
GRN,2012,
GRN,2016,
GUA,1932,
GUA,1952,
GUA,1968,
GUA,1972,
GUA,1976,
GUA,1980,
GUA,1984,
GUA,1988,
GUA,1992,
GUA,1996,
GUA,2000,
GUA,2004,
GUA,2008,
GUA,2012,
GUA,2016,
GUI,1968,
GUI,1980,
GUI,1984,
GUI,1988,
GUI,1992,
GUI,1996,
GUI,2000,
GUI,2004,
GUI,2008,
GUI,2012,
GUI,2016,
GUM,1988,124674
GUM,1992,136693
GUM,1996,148061
GUM,2000,155323
GUM,2004,158094
GUM,2008,159037
GUM,2012,159990
GUM,2016,162948
GUY,1948,311000
GUY,1952,347000
GUY,1956,347000
GUY,1960,571813
GUY,1964,637835
GUY,1968,686144
GUY,1972,721949
GUY,1980,780153
GUY,1984,775217
GUY,1988,750641
GUY,1992,748596
GUY,1996,760801
GUY,2000,746718
GUY,2004,745737
GUY,2008,746815
GUY,2012,755388
GUY,2016,771363
HAI,1900,
HAI,1924,
HAI,1928,
HAI,1932,
HAI,1960,
HAI,1972,
HAI,1976,
HAI,1984,
HAI,1988,
HAI,1992,
HAI,1996,
HAI,2000,
HAI,2004,
HAI,2008,
HAI,2012,
HAI,2016,
HKG,1952,
HKG,1956,
HKG,1960,3075605
HKG,1964,3504600
HKG,1968,3802700
HKG,1972,4123600
HKG,1976,4518000
HKG,1984,5397900
HKG,1988,5627600
HKG,1992,5800500
HKG,1996,6435500
HKG,2000,6665000
HKG,2002,6744100
HKG,2004,6783500
HKG,2006,6857100
HKG,2008,6957800
HKG,2010,7024200
HKG,2012,7150100
HKG,2014,7229500
HKG,2016,7336600
HON,1968,
HON,1976,
HON,1984,
HON,1988,
HON,1992,
HON,1996,
HON,2000,
HON,2004,
HON,2008,
HON,2012,
HON,2016,
HUN,1896,6622000
HUN,1900,6622000
HUN,1904,6622000
HUN,1906,6622000
HUN,1908,6622000
HUN,1912,7127000
HUN,1924,7644000
HUN,1928,7644000
HUN,1932,7950000
HUN,1936,7950000
HUN,1948,8649000
HUN,1952,9287000
HUN,1956,9287000
HUN,1960,9983967
HUN,1964,10119835
HUN,1968,10255815
HUN,1972,10398489
HUN,1976,10598677
HUN,1980,10711122
HUN,1984,10668095
HUN,1988,10596487
HUN,1992,10369341
HUN,1994,10343355
HUN,1996,10311238
HUN,1998,10266570
HUN,2000,10210971
HUN,2002,10158608
HUN,2004,10107146
HUN,2006,10071370
HUN,2008,10038188
HUN,2010,10000023
HUN,2012,9920362
HUN,2014,9866468
HUN,2016,9814023
INA,1952,
INA,1956,
INA,1960,
INA,1968,
INA,1972,
INA,1976,
INA,1984,
INA,1988,
INA,1992,
INA,1996,
INA,2000,
INA,2004,
INA,2008,
INA,2012,
INA,2016,
IND,1900,279626000
IND,1920,302100000
IND,1924,302100000
IND,1928,302100000
IND,1932,305600000
IND,1936,305600000
IND,1948,336400000
IND,1952,386800000
IND,1956,386800000
IND,1960,450547675
IND,1964,488848139
IND,1968,531513834
IND,1972,581087255
IND,1976,637630085
IND,1980,698952837
IND,1984,766833411
IND,1988,837468938
IND,1992,909307018
IND,1996,982365248
IND,1998,1019483586
IND,2000,1056575548
IND,2002,1093317187
IND,2004,1129623466
IND,2006,1165486291
IND,2008,1200669762
IND,2010,1234281163
IND,2012,1265780243
IND,2014,1295600768
IND,2016,1324517250
IOA,1992,
IOA,2000,
IOA,2012,
IOA,2014,
IOA,2016,
IRI,1900,
IRI,1948,
IRI,1952,
IRI,1956,
IRI,1960,
IRI,1964,
IRI,1968,
IRI,1972,
IRI,1976,
IRI,1988,
IRI,1992,
IRI,1996,
IRI,1998,
IRI,2000,
IRI,2002,
IRI,2004,
IRI,2006,
IRI,2008,
IRI,2010,
IRI,2012,
IRI,2014,
IRI,2016,
IRL,1924,4385000
IRL,1928,4385000
IRL,1932,4361000
IRL,1948,2927000
IRL,1952,2958000
IRL,1956,2958000
IRL,1960,2828600
IRL,1964,2866550
IRL,1968,2915550
IRL,1972,3036850
IRL,1976,3238050
IRL,1980,3412800
IRL,1984,3532423
IRL,1988,3524949
IRL,1992,3558430
IRL,1996,3637510
IRL,1998,3712696
IRL,2000,3805174
IRL,2002,3931947
IRL,2004,4070262
IRL,2006,4273591
IRL,2008,4489544
IRL,2010,4560155
IRL,2012,4599533
IRL,2014,4657740
IRL,2016,4755335
IRQ,1948,3605000
IRQ,1960,7289753
IRQ,1964,8122199
IRQ,1968,9260687
IRQ,1980,13653348
IRQ,1984,15190396
IRQ,1988,16612319
IRQ,1992,18402740
IRQ,1996,20783073
IRQ,2000,23497589
IRQ,2004,26313838
IRQ,2008,28385739
IRQ,2012,31890012
IRQ,2016,36610632
ISL,1908,71000
ISL,1912,78000
ISL,1936,98000
ISL,1948,109000
ISL,1952,121000
ISL,1956,121000
ISL,1960,175574
ISL,1964,188983
ISL,1968,201488
ISL,1972,209137
ISL,1976,220154
ISL,1980,228138
ISL,1984,239511
ISL,1988,249740
ISL,1992,261057
ISL,1994,266021
ISL,1996,268916
ISL,1998,274047
ISL,2000,281205
ISL,2002,287523
ISL,2004,292074
ISL,2006,303782
ISL,2008,317414
ISL,2010,318041
ISL,2012,320716
ISL,2014,327386
ISL,2016,335439
ISR,1952,889866
ISR,1956,889866
ISR,1960,2114020
ISR,1964,2475000
ISR,1968,2803000
ISR,1972,3148000
ISR,1976,3533000
ISR,1984,4159000
ISR,1988,4442000
ISR,1992,5123000
ISR,1994,5399000
ISR,1996,5692000
ISR,1998,5971000
ISR,2000,6289000
ISR,2002,6570000
ISR,2004,6809000
ISR,2006,7053700
ISR,2008,7308800
ISR,2010,7623600
ISR,2012,7910500
ISR,2014,8215700
ISR,2016,8546000
ISV,1968,
ISV,1972,
ISV,1976,
ISV,1984,
ISV,1988,
ISV,1992,
ISV,1994,
ISV,1996,
ISV,1998,
ISV,2000,
ISV,2002,
ISV,2004,
ISV,2008,
ISV,2012,
ISV,2014,
ISV,2016,
ITA,1896,31702000
ITA,1900,31702000
ITA,1904,31702000
ITA,1906,31702000
ITA,1908,31702000
ITA,1912,33672000
ITA,1920,36572000
ITA,1924,36572000
ITA,1928,36572000
ITA,1932,37398000
ITA,1936,37398000
ITA,1948,40791000
ITA,1952,44341000
ITA,1956,44341000
ITA,1960,50199700
ITA,1964,51675350
ITA,1968,53235750
ITA,1972,54381345
ITA,1976,55718260
ITA,1980,56433883
ITA,1984,56576718
ITA,1988,56629288
ITA,1992,56797087
ITA,1994,56843400
ITA,1996,56860281
ITA,1998,56906744
ITA,2000,56942108
ITA,2002,57059007
ITA,2004,57685327
ITA,2006,58143979
ITA,2008,58826731
ITA,2010,59277417
ITA,2012,59539717
ITA,2014,60789140
ITA,2016,60627498
IVB,1984,
IVB,1988,
IVB,1992,
IVB,1996,
IVB,2000,
IVB,2004,
IVB,2008,
IVB,2012,
IVB,2014,
IVB,2016,
JAM,1948,1009000
JAM,1952,1212000
JAM,1956,1212000
JAM,1964,1730739
JAM,1968,1825873
JAM,1972,1935089
JAM,1976,2055371
JAM,1980,2162839
JAM,1984,2306367
JAM,1988,2389415
JAM,1992,2461047
JAM,1994,2509042
JAM,1996,2558631
JAM,1998,2608874
JAM,2000,2654698
JAM,2002,2692843
JAM,2004,2725017
JAM,2008,2781869
JAM,2010,2810464
JAM,2012,2842128
JAM,2014,2875137
JAM,2016,2906242
JOR,1980,2377997
JOR,1984,2784457
JOR,1988,3256552
JOR,1992,3977667
JOR,1996,4732848
JOR,2000,5122495
JOR,2004,5580241
JOR,2008,6556473
JOR,2012,8089963
JOR,2016,9554286
JPN,1912,44103000
JPN,1920,49518000
JPN,1924,49518000
JPN,1928,49518000
JPN,1932,55818000
JPN,1936,55818000
JPN,1952,72967000
JPN,1956,72967000
JPN,1960,93216000
JPN,1964,96903000
JPN,1968,101011000
JPN,1972,107188000
JPN,1976,112775000
JPN,1980,116807000
JPN,1984,120083000
JPN,1988,122578000
JPN,1992,124425000
JPN,1994,125178000
JPN,1996,125757000
JPN,1998,126400000
JPN,2000,126843000
JPN,2002,127445000
JPN,2004,127761000
JPN,2006,127854000
JPN,2008,128063000
JPN,2010,128070000
JPN,2012,127629000
JPN,2014,127276000
JPN,2016,126994511
KAZ,1994,16145766
KAZ,1996,15578227
KAZ,1998,15071640
KAZ,2000,14883626
KAZ,2002,14858948
KAZ,2004,15012984
KAZ,2006,15308085
KAZ,2008,15776938
KAZ,2010,16321872
KAZ,2012,16792090
KAZ,2014,17288285
KAZ,2016,17794055
KEN,1956,5084069.237
KEN,1960,8120082
KEN,1964,9222692
KEN,1968,10539909
KEN,1972,12146070
KEN,1984,19146403
KEN,1988,22153685
KEN,1992,25326080
KEN,1996,28589456
KEN,1998,30250488
KEN,2000,31964557
KEN,2002,33751746
KEN,2004,35635267
KEN,2006,37649039
KEN,2008,39791984
KEN,2012,44343469
KEN,2016,49051531
KGZ,1994,4515100
KGZ,1996,4628400
KGZ,1998,4769000
KGZ,2000,4898400
KGZ,2002,4990700
KGZ,2004,5104700
KGZ,2006,5218400
KGZ,2008,5318700
KGZ,2010,5447900
KGZ,2012,5607200
KGZ,2014,5835500
KGZ,2016,6079500
KIR,2004,90498
KIR,2008,98760
KIR,2012,106359
KIR,2016,112529
KOR,1948,13900000
KOR,1952,15627000
KOR,1956,15627000
KOR,1960,25012374
KOR,1964,27984155
KOR,1968,30838302
KOR,1972,33505406
KOR,1976,35848523
KOR,1980,38123775
KOR,1984,40405956
KOR,1988,42031247
KOR,1992,43747962
KOR,1994,44641540
KOR,1996,45524681
KOR,1998,46286503
KOR,2000,47008111
KOR,2002,47644736
KOR,2004,48082519
KOR,2006,48438292
KOR,2008,49054708
KOR,2010,49554112
KOR,2012,50199853
KOR,2014,50746659
KOR,2016,51217803
KOS,2016,
KSA,1972,
KSA,1976,
KSA,1984,
KSA,1988,
KSA,1992,
KSA,1996,
KSA,2000,
KSA,2004,
KSA,2008,
KSA,2012,
KSA,2016,
KUW,1968,
KUW,1972,
KUW,1976,
KUW,1980,
KUW,1984,
KUW,1988,
KUW,1992,
KUW,1996,
KUW,2000,
KUW,2004,
KUW,2008,
KUW,2012,
LAO,1980,3258149
LAO,1988,4020817
LAO,1992,4500346
LAO,1996,4951189
LAO,2000,5323701
LAO,2004,5662199
LAO,2008,6046630
LAO,2012,6444527
LAO,2016,6845848
LAT,1924,
LAT,1928,
LAT,1932,
LAT,1936,
LAT,1992,
LAT,1994,
LAT,1996,
LAT,1998,
LAT,2000,
LAT,2002,
LAT,2004,
LAT,2006,
LAT,2008,
LAT,2010,
LAT,2012,
LAT,2014,
LAT,2016,
LBA,1968,
LBA,1980,
LBA,1988,
LBA,1992,
LBA,1996,
LBA,2000,
LBA,2004,
LBA,2008,
LBA,2012,
LBA,2016,
LBR,1956,689365.3203
LBR,1960,1118655
LBR,1964,1217905
LBR,1972,1474567
LBR,1984,2111667
LBR,1988,2134105
LBR,1996,2160480
LBR,2000,2848447
LBR,2004,3135654
LBR,2008,3607863
LBR,2012,4135662
LBR,2016,4586788
LCA,1996,148837
LCA,2000,156737
LCA,2004,161821
LCA,2008,170011
LCA,2012,176654
LCA,2016,180028
LES,1972,
LES,1980,
LES,1984,
LES,1988,
LES,1992,
LES,1996,
LES,2000,
LES,2004,
LES,2008,
LES,2012,
LES,2016,
LIB,1948,
LIB,1952,
LIB,1956,
LIB,1960,
LIB,1964,
LIB,1968,
LIB,1972,
LIB,1976,
LIB,1980,
LIB,1984,
LIB,1988,
LIB,1992,
LIB,1996,
LIB,2000,
LIB,2002,
LIB,2004,
LIB,2006,
LIB,2008,
LIB,2010,
LIB,2012,
LIB,2014,
LIB,2016,
LIE,1936,12000
LIE,1948,12000
LIE,1952,0
LIE,1956,0
LIE,1960,16501
LIE,1964,18170
LIE,1968,20237
LIE,1972,22161
LIE,1976,23933
LIE,1980,25881
LIE,1984,27028
LIE,1988,28135
LIE,1992,29552
LIE,1994,30415
LIE,1996,31354
LIE,1998,32306
LIE,2000,33184
LIE,2002,33885
LIE,2004,34444
LIE,2006,34975
LIE,2008,35469
LIE,2010,35996
LIE,2012,36615
LIE,2014,37219
LIE,2016,37655
LTU,1924,2916000
LTU,1928,2916000
LTU,1992,3700114
LTU,1994,3657144
LTU,1996,3601613
LTU,1998,3549331
LTU,2000,3499536
LTU,2002,3443067
LTU,2004,3377075
LTU,2006,3269909
LTU,2008,3198231
LTU,2010,3097282
LTU,2012,2987773
LTU,2014,2932367
LTU,2016,2868231
LUX,1900,211000
LUX,1912,236000
LUX,1920,260000
LUX,1924,260000
LUX,1928,260000
LUX,1932,269000
LUX,1936,269000
LUX,1948,300000
LUX,1952,301000
LUX,1956,301000
LUX,1960,313970
LUX,1964,327750
LUX,1968,335850
LUX,1972,346600
LUX,1976,360731
LUX,1980,364150
LUX,1984,365998
LUX,1988,373450
LUX,1992,392175
LUX,1994,402925
LUX,1996,414225
LUX,1998,424700
LUX,2000,436300
LUX,2004,458095
LUX,2006,472637
LUX,2008,488650
LUX,2012,530946
LUX,2014,556319
LUX,2016,582014
MAD,1964,
MAD,1968,
MAD,1972,
MAD,1980,
MAD,1984,
MAD,1992,
MAD,1996,
MAD,2000,
MAD,2004,
MAD,2006,
MAD,2008,
MAD,2012,
MAD,2016,
MAL,1956,
MAL,1960,
MAR,1960,12328532
MAR,1964,13857656
MAR,1968,15307267
MAR,1972,16696890
MAR,1976,18198836
MAR,1984,22002641
MAR,1988,23903592
MAR,1992,25711410
MAR,1996,27383472
MAR,2000,28793672
MAR,2004,30115196
MAR,2008,31536807
MAR,2010,32343384
MAR,2012,33241898
MAR,2014,34192358
MAR,2016,35126274
MAS,1964,
MAS,1968,
MAS,1972,
MAS,1976,
MAS,1984,
MAS,1988,
MAS,1992,
MAS,1996,
MAS,2000,
MAS,2004,
MAS,2008,
MAS,2012,
MAS,2016,
MAW,1972,
MAW,1984,
MAW,1988,
MAW,1992,
MAW,1996,
MAW,2000,
MAW,2004,
MAW,2008,
MAW,2012,
MAW,2016,
MDA,1994,2964277
MDA,1996,2946401
MDA,1998,2934339
MDA,2000,2923783
MDA,2002,2910504
MDA,2004,2895147
MDA,2006,2880095
MDA,2008,2867964
MDA,2010,2861487
MDA,2012,2859458
MDA,2014,2856950
MDA,2016,2802170
MDV,1988,209787
MDV,1992,236271
MDV,1996,259178
MDV,2000,279396
MDV,2004,311265
MDV,2008,343448
MDV,2012,397231
MDV,2016,475505
MEX,1900,11729000
MEX,1924,15000000
MEX,1928,15000000
MEX,1932,14900000
MEX,1936,14900000
MEX,1948,17175000
MEX,1952,20393000
MEX,1956,20393000
MEX,1960,37771861
MEX,1964,42771077
MEX,1968,48431971
MEX,1972,54689944
MEX,1976,61242189
MEX,1980,67761367
MEX,1984,74352631
MEX,1988,80788725
MEX,1992,87075136
MEX,1994,90156396
MEX,1996,93147045
MEX,2000,98899845
MEX,2002,101684764
MEX,2004,104514934
MEX,2008,110815272
MEX,2010,114092961
MEX,2012,117274156
MEX,2014,120355137
MEX,2016,123333379
MGL,1964,
MGL,1968,
MGL,1972,
MGL,1976,
MGL,1980,
MGL,1984,
MGL,1988,
MGL,1992,
MGL,1994,
MGL,1996,
MGL,1998,
MGL,2000,
MGL,2002,
MGL,2004,
MGL,2006,
MGL,2008,
MGL,2010,
MGL,2012,
MGL,2014,
MGL,2016,
MHL,2008,56166
MHL,2012,56712
MHL,2016,57723
MKD,1996,1989441
MKD,1998,2012052
MKD,2000,2034823
MKD,2002,2048930
MKD,2004,2057044
MKD,2006,2063132
MKD,2008,2067309
MKD,2010,2070737
MKD,2012,2074275
MKD,2014,2077780
MKD,2016,2080746
MLI,1964,5503750
MLI,1968,5780836
MLI,1972,6147464
MLI,1980,7090124
MLI,1984,7694857
MLI,1988,8171525
MLI,1992,8850334
MLI,1996,9837575
MLI,2000,10946448
MLI,2004,12369078
MLI,2008,14113578
MLI,2012,15979492
MLI,2016,17965448
MLT,1928,229000
MLT,1936,225000
MLT,1948,241000
MLT,1960,326550
MLT,1968,307900
MLT,1972,302450
MLT,1980,316645
MLT,1984,330593
MLT,1988,347325
MLT,1992,367618
MLT,1996,379905
MLT,2000,390087
MLT,2004,401268
MLT,2008,409379
MLT,2012,420028
MLT,2014,434558
MLT,2016,455356
MNE,2008,616969
MNE,2010,619428
MNE,2012,620601
MNE,2014,621810
MNE,2016,622303
MON,1920,
MON,1924,
MON,1928,
MON,1932,
MON,1936,
MON,1948,
MON,1952,
MON,1960,
MON,1964,
MON,1968,
MON,1972,
MON,1976,
MON,1984,
MON,1988,
MON,1992,
MON,1994,
MON,1996,
MON,1998,
MON,2000,
MON,2002,
MON,2004,
MON,2006,
MON,2008,
MON,2010,
MON,2012,
MON,2014,
MON,2016,
MOZ,1980,11630194
MOZ,1984,12636120
MOZ,1988,12758003
MOZ,1992,13805999
MOZ,1996,15960445
MOZ,2000,17711925
MOZ,2004,19910549
MOZ,2008,22276596
MOZ,2012,24862673
MOZ,2016,27829930
MRI,1984,
MRI,1988,
MRI,1992,
MRI,1996,
MRI,2000,
MRI,2004,
MRI,2008,
MRI,2012,
MRI,2016,
MTN,1984,
MTN,1988,
MTN,1992,
MTN,1996,
MTN,2000,
MTN,2004,
MTN,2008,
MTN,2012,
MTN,2016,
MYA,1948,
MYA,1952,
MYA,1956,
MYA,1960,
MYA,1964,
MYA,1968,
MYA,1972,
MYA,1980,
MYA,1984,
MYA,1988,
MYA,1992,
MYA,1996,
MYA,2000,
MYA,2004,
MYA,2008,
MYA,2012,
MYA,2016,
NAM,1992,1516951
NAM,1996,1663378
NAM,2000,1794583
NAM,2004,1907737
NAM,2008,2043382
NAM,2012,2194777
NAM,2016,2358044
NBO,1956,
NCA,1968,
NCA,1972,
NCA,1976,
NCA,1980,
NCA,1984,
NCA,1992,
NCA,1996,
NCA,2000,
NCA,2004,
NCA,2008,
NCA,2012,
NCA,2016,
NED,1900,
NED,1906,
NED,1908,
NED,1912,
NED,1920,
NED,1924,
NED,1928,
NED,1932,
NED,1936,
NED,1948,
NED,1952,
NED,1956,
NED,1960,
NED,1964,
NED,1968,
NED,1972,
NED,1976,
NED,1980,
NED,1984,
NED,1988,
NED,1992,
NED,1994,
NED,1996,
NED,1998,
NED,2000,
NED,2002,
NED,2004,
NED,2006,
NED,2008,
NED,2010,
NED,2012,
NED,2014,
NED,2016,
NEP,1924,
NEP,1964,
NEP,1972,
NEP,1976,
NEP,1980,
NEP,1984,
NEP,1988,
NEP,1992,
NEP,1996,
NEP,2000,
NEP,2002,
NEP,2004,
NEP,2006,
NEP,2008,
NEP,2010,
NEP,2012,
NEP,2014,
NEP,2016,
NFL,1904,
NGR,1952,
NGR,1956,
NGR,1960,
NGR,1964,
NGR,1968,
NGR,1972,
NGR,1980,
NGR,1984,
NGR,1988,
NGR,1992,
NGR,1996,
NGR,2000,
NGR,2004,
NGR,2008,
NGR,2012,
NGR,2016,
NIG,1964,
NIG,1968,
NIG,1972,
NIG,1984,
NIG,1988,
NIG,1992,
NIG,1996,
NIG,2000,
NIG,2004,
NIG,2008,
NIG,2012,
NIG,2016,
NOR,1900,1997000
NOR,1904,1997000
NOR,1906,1997000
NOR,1908,1997000
NOR,1912,2230000
NOR,1920,2384000
NOR,1924,2384000
NOR,1928,2384000
NOR,1932,2635000
NOR,1936,2635000
NOR,1948,2807000
NOR,1952,2973000
NOR,1956,2973000
NOR,1960,3581239
NOR,1964,3694339
NOR,1968,3816486
NOR,1972,3933004
NOR,1976,4026152
NOR,1980,4085620
NOR,1984,4140099
NOR,1988,4209488
NOR,1992,4286401
NOR,1994,4336613
NOR,1996,4381336
NOR,1998,4431464
NOR,2000,4490967
NOR,2002,4538159
NOR,2004,4591910
NOR,2006,4660677
NOR,2008,4768212
NOR,2010,4889252
NOR,2012,5018573
NOR,2014,5137232
NOR,2016,5234519
NRU,1996,10677
NRU,2000,10335
NRU,2004,9906
NRU,2008,9880
NRU,2012,10136
NRU,2016,10474
NZL,1900,665000
NZL,1920,1045000
NZL,1924,1045000
NZL,1928,1045000
NZL,1932,1241000
NZL,1936,1241000
NZL,1948,1493000
NZL,1952,1636000
NZL,1956,1636000
NZL,1960,2371800
NZL,1964,2585400
NZL,1968,2748100
NZL,1972,2903900
NZL,1976,3110500
NZL,1980,3112900
NZL,1984,3227100
NZL,1988,3283400
NZL,1992,3531700
NZL,1994,3620000
NZL,1996,3732000
NZL,1998,3815000
NZL,2000,3857700
NZL,2002,3948500
NZL,2004,4087500
NZL,2006,4184600
NZL,2008,4259800
NZL,2010,4350700
NZL,2012,4408100
NZL,2014,4516500
NZL,2016,4714100
OMA,1984,
OMA,1988,
OMA,1992,
OMA,1996,
OMA,2000,
OMA,2004,
OMA,2008,
OMA,2012,
OMA,2016,
PAK,1948,0
PAK,1952,0
PAK,1956,0
PAK,1960,44988690
PAK,1964,49627623
PAK,1968,55102690
PAK,1972,61381982
PAK,1976,68834324
PAK,1984,89213708
PAK,1988,101389603
PAK,1992,113911126
PAK,1996,127349293
PAK,2000,142343583
PAK,2004,156664698
PAK,2008,171648984
PAK,2010,179424643
PAK,2012,187280125
PAK,2014,195305012
PAK,2016,203631356
PAN,1928,326000
PAN,1948,515000
PAN,1952,697000
PAN,1960,1133005
PAN,1964,1276331
PAN,1968,1434676
PAN,1972,1607797
PAN,1976,1791389
PAN,1984,2170330
PAN,1988,2368556
PAN,1992,2575949
PAN,1996,2796291
PAN,2000,3030333
PAN,2004,3269356
PAN,2008,3516204
PAN,2012,3770635
PAN,2016,4037073
PAR,1968,
PAR,1972,
PAR,1976,
PAR,1984,
PAR,1988,
PAR,1992,
PAR,1996,
PAR,2000,
PAR,2004,
PAR,2008,
PAR,2012,
PAR,2014,
PAR,2016,
PER,1900,3346000
PER,1932,4690000
PER,1936,4690000
PER,1948,5480000
PER,1956,6440000
PER,1960,10155011
PER,1964,11383364
PER,1968,12735491
PER,1972,14221954
PER,1976,15838568
PER,1980,17547612
PER,1984,19319746
PER,1988,21153462
PER,1992,22966822
PER,1996,24753825
PER,2000,26459944
PER,2004,27624226
PER,2008,28562321
PER,2010,29027680
PER,2012,29506790
PER,2014,30090372
PER,2016,30926036
PHI,1924,
PHI,1928,
PHI,1932,
PHI,1936,
PHI,1948,
PHI,1952,
PHI,1956,
PHI,1960,
PHI,1964,
PHI,1968,
PHI,1972,
PHI,1976,
PHI,1984,
PHI,1988,
PHI,1992,
PHI,1996,
PHI,2000,
PHI,2004,
PHI,2008,
PHI,2012,
PHI,2014,
PHI,2016,
PLE,1996,
PLE,2000,
PLE,2004,
PLE,2008,
PLE,2012,
PLE,2016,
PLW,2000,19104
PLW,2004,19861
PLW,2008,18708
PLW,2012,17635
PLW,2016,17718
PNG,1976,3219825
PNG,1984,3975950
PNG,1988,4399320
PNG,1992,4836216
PNG,1996,5314258
PNG,2000,5847590
PNG,2004,6354247
PNG,2008,6976200
PNG,2012,7631003
PNG,2016,8271766
POL,1912,24750000
POL,1924,26644000
POL,1928,26644000
POL,1932,23968000
POL,1936,23968000
POL,1948,28204000
POL,1952,30021000
POL,1956,30021000
POL,1960,29637450
POL,1964,31139450
POL,1968,32294655
POL,1972,33055650
POL,1976,34356300
POL,1980,35574150
POL,1984,36904134
POL,1988,37824487
POL,1992,38363667
POL,1994,38542652
POL,1996,38624370
POL,1998,38663481
POL,2000,38258629
POL,2002,38230364
POL,2004,38182222
POL,2006,38141267
POL,2008,38125759
POL,2010,38042794
POL,2012,38063164
POL,2014,38011735
POL,2016,37970087
POR,1912,
POR,1920,
POR,1924,
POR,1928,
POR,1932,
POR,1936,
POR,1948,
POR,1952,
POR,1956,
POR,1960,
POR,1964,
POR,1968,
POR,1972,
POR,1976,
POR,1980,
POR,1984,
POR,1988,
POR,1992,
POR,1994,
POR,1996,
POR,1998,
POR,2000,
POR,2004,
POR,2006,
POR,2008,
POR,2010,
POR,2012,
POR,2014,
POR,2016,
PRK,1964,12282417
PRK,1972,15207765
PRK,1976,16554744
PRK,1980,17472144
PRK,1984,18590142
PRK,1988,19708316
PRK,1992,20937407
PRK,1996,22113428
PRK,1998,22536754
PRK,2000,22929078
PRK,2004,23732740
PRK,2006,24054866
PRK,2008,24310143
PRK,2010,24548840
PRK,2012,24800638
PRK,2016,25307665
PUR,1948,
PUR,1952,
PUR,1956,
PUR,1960,
PUR,1964,
PUR,1968,
PUR,1972,
PUR,1976,
PUR,1980,
PUR,1984,
PUR,1988,
PUR,1992,
PUR,1994,
PUR,1996,
PUR,1998,
PUR,2000,
PUR,2004,
PUR,2008,
PUR,2012,
PUR,2016,
QAT,1984,341272
QAT,1988,443611
QAT,1992,495403
QAT,1996,522531
QAT,2000,592467
QAT,2004,753332
QAT,2008,1436670
QAT,2012,2196078
QAT,2016,2654379
RHO,1960,
ROT,2016,
ROU,1900,10373000
ROU,1924,11866000
ROU,1928,11866000
ROU,1932,12340000
ROU,1936,12340000
ROU,1948,14141000
ROU,1952,15907000
ROU,1956,15907000
ROU,1960,18406905
ROU,1964,18919126
ROU,1968,19799831
ROU,1972,20657957
ROU,1976,21551634
ROU,1980,22207282
ROU,1984,22640547
ROU,1988,23057662
ROU,1992,22794284
ROU,1994,22730211
ROU,1996,22619004
ROU,1998,22507344
ROU,2000,22442971
ROU,2002,21730496
ROU,2004,21451748
ROU,2006,21193760
ROU,2008,20537875
ROU,2010,20246871
ROU,2012,20058035
ROU,2014,19908979
ROU,2016,19702267
RSA,1904,
RSA,1908,
RSA,1912,
RSA,1920,
RSA,1924,
RSA,1928,
RSA,1932,
RSA,1936,
RSA,1948,
RSA,1952,
RSA,1956,
RSA,1960,
RSA,1992,
RSA,1994,
RSA,1996,
RSA,1998,
RSA,2000,
RSA,2002,
RSA,2004,
RSA,2006,
RSA,2008,
RSA,2010,
RSA,2012,
RSA,2016,
RUS,1900,0
RUS,1908,0
RUS,1912,0
RUS,1924,0
RUS,1994,148407912
RUS,1996,148160129
RUS,1998,147670784
RUS,2000,146596869
RUS,2002,145306497
RUS,2004,144067316
RUS,2006,143049637
RUS,2008,142742366
RUS,2010,142849468
RUS,2012,143201721
RUS,2014,143819667
RUS,2016,144342397
RWA,1984,5902847
RWA,1988,7088194
RWA,1992,6702239
RWA,1996,6013112
RWA,2000,7933688
RWA,2004,8680516
RWA,2008,9524532
RWA,2012,10549668
RWA,2016,11668829
SAA,1952,
SAM,1984,
SAM,1988,
SAM,1992,
SAM,1996,
SAM,2000,
SAM,2004,
SAM,2008,
SAM,2012,
SAM,2016,
SCG,1996,
SCG,1998,
SCG,2000,
SCG,2002,
SCG,2004,
SCG,2006,
SEN,1964,3580241
SEN,1968,4014107
SEN,1972,4522886
SEN,1976,5057375
SEN,1980,5583157
SEN,1984,6277420
SEN,1988,7086624
SEN,1992,7990090
SEN,1994,8461066
SEN,1996,8912872
SEN,2000,9797731
SEN,2004,10810086
SEN,2006,11382272
SEN,2008,12004700
SEN,2010,12678143
SEN,2012,13401990
SEN,2016,14993514
SEY,1980,
SEY,1984,
SEY,1992,
SEY,1996,
SEY,2000,
SEY,2004,
SEY,2008,
SEY,2012,
SEY,2016,
SGP,1948,596000
SGP,1952,751000
SGP,1956,751000
SGP,1960,1646400
SGP,1968,2012000
SGP,1972,2152400
SGP,1976,2293300
SGP,1984,2732221
SGP,1988,2846108
SGP,1992,3230698
SGP,1996,3670704
SGP,2000,4027887
SGP,2004,4166664
SGP,2008,4839396
SGP,2012,5312437
SGP,2016,5607283
SKN,1996,
SKN,2000,
SKN,2004,
SKN,2008,
SKN,2012,
SKN,2016,
SLE,1968,2644011
SLE,1980,3388494
SLE,1984,3707513
SLE,1988,4156636
SLE,1992,4347727
SLE,1996,4312660
SLE,2000,4584570
SLE,2004,5433995
SLE,2008,6133599
SLE,2012,6712586
SLE,2016,7328846
SLO,1992,
SLO,1994,
SLO,1996,
SLO,1998,
SLO,2000,
SLO,2002,
SLO,2004,
SLO,2006,
SLO,2008,
SLO,2010,
SLO,2012,
SLO,2014,
SLO,2016,
SMR,1960,15440
SMR,1968,18668
SMR,1972,19490
SMR,1976,20086
SMR,1980,21453
SMR,1984,22546
SMR,1988,23548
SMR,1992,24830
SMR,1994,25588
SMR,1996,26253
SMR,2000,27460
SMR,2002,28175
SMR,2004,28942
SMR,2006,29694
SMR,2008,30434
SMR,2010,31221
SMR,2012,32103
SMR,2014,32941
SMR,2016,33503
SOL,1984,
SOL,1988,
SOL,1992,
SOL,1996,
SOL,2000,
SOL,2004,
SOL,2008,
SOL,2012,
SOL,2016,
SOM,1972,3479792
SOM,1984,6614713
SOM,1988,7005226
SOM,1996,7682683
SOM,2000,8872250
SOM,2004,10130251
SOM,2008,11397188
SOM,2012,12715487
SOM,2016,14185635
SRB,1912,2494000
SRB,2008,7350222
SRB,2010,7291436
SRB,2012,7199077
SRB,2014,7130576
SRB,2016,7058322
SRI,1948,
SRI,1952,
SRI,1956,
SRI,1960,
SRI,1964,
SRI,1968,
SRI,1972,
SRI,1980,
SRI,1984,
SRI,1988,
SRI,1992,
SRI,1996,
SRI,2000,
SRI,2004,
SRI,2008,
SRI,2012,
SRI,2016,
SSD,2016,10832520
STP,1996,133799
STP,2000,142264
STP,2004,153736
STP,2008,171122
STP,2012,188394
STP,2016,203221
SUD,1960,
SUD,1968,
SUD,1972,
SUD,1984,
SUD,1988,
SUD,1992,
SUD,1996,
SUD,2000,
SUD,2004,
SUD,2008,
SUD,2012,
SUD,2016,
SUI,1896,
SUI,1900,
SUI,1904,
SUI,1906,
SUI,1908,
SUI,1912,
SUI,1920,
SUI,1924,
SUI,1928,
SUI,1932,
SUI,1936,
SUI,1948,
SUI,1952,
SUI,1956,
SUI,1960,
SUI,1964,
SUI,1968,
SUI,1972,
SUI,1976,
SUI,1980,
SUI,1984,
SUI,1988,
SUI,1992,
SUI,1994,
SUI,1996,
SUI,1998,
SUI,2000,
SUI,2002,
SUI,2004,
SUI,2006,
SUI,2008,
SUI,2010,
SUI,2012,
SUI,2014,
SUI,2016,
SUR,1968,356551
SUR,1972,367907
SUR,1976,357949
SUR,1984,364722
SUR,1988,388877
SUR,1992,420658
SUR,1996,448207
SUR,2000,470944
SUR,2004,493680
SUR,2008,517122
SUR,2012,541247
SUR,2016,564883
SVK,1994,5346331
SVK,1996,5373361
SVK,1998,5390516
SVK,2000,5388720
SVK,2002,5376912
SVK,2004,5372280
SVK,2006,5373054
SVK,2008,5379233
SVK,2010,5391428
SVK,2012,5407579
SVK,2014,5418649
SVK,2016,5430798
SWE,1896,4780000
SWE,1900,4780000
SWE,1906,4780000
SWE,1908,4780000
SWE,1912,5117000
SWE,1920,5449000
SWE,1924,5449000
SWE,1928,5449000
SWE,1932,5876000
SWE,1936,5876000
SWE,1948,6131000
SWE,1952,6356000
SWE,1956,6356000
SWE,1960,7484656
SWE,1964,7661354
SWE,1968,7912273
SWE,1972,8122300
SWE,1976,8222286
SWE,1980,8310531
SWE,1984,8336605
SWE,1988,8436489
SWE,1992,8668067
SWE,1994,8780745
SWE,1996,8840998
SWE,1998,8850974
SWE,2000,8872109
SWE,2002,8924958
SWE,2004,8993531
SWE,2006,9080505
SWE,2008,9219637
SWE,2010,9378126
SWE,2012,9519374
SWE,2014,9696110
SWE,2016,9923085
SWZ,1972,457039
SWZ,1984,675240
SWZ,1988,773774
SWZ,1992,866995
SWZ,1996,945506
SWZ,2000,1005432
SWZ,2004,1026287
SWZ,2008,1049948
SWZ,2012,1079285
SWZ,2016,1113994
SYR,1948,0
SYR,1968,5935850
SYR,1972,6800148
SYR,1980,8930776
SYR,1984,10293048
SYR,1988,11719064
SYR,1992,13187669
SYR,1996,14754148
SYR,2000,16410847
SYR,2004,17827827
SYR,2008,20664037
SYR,2012,20438861
SYR,2016,17465567
TAN,1964,
TAN,1968,
TAN,1972,
TAN,1980,
TAN,1984,
TAN,1988,
TAN,1992,
TAN,1996,
TAN,2000,
TAN,2004,
TAN,2008,
TAN,2012,
TAN,2016,
TCH,1920,
TCH,1924,
TCH,1928,
TCH,1932,
TCH,1936,
TCH,1948,
TCH,1952,
TCH,1956,
TCH,1960,
TCH,1964,
TCH,1968,
TCH,1972,
TCH,1976,
TCH,1980,
TCH,1984,
TCH,1988,
TCH,1992,
TGA,1984,
TGA,1988,
TGA,1992,
TGA,1996,
TGA,2000,
TGA,2004,
TGA,2008,
TGA,2012,
TGA,2014,
TGA,2016,
THA,1952,15513000
THA,1956,15513000
THA,1960,27397208
THA,1964,30881136
THA,1968,34791418
THA,1972,39058594
THA,1976,43377270
THA,1984,51094870
THA,1988,54891520
THA,1992,57811025
THA,1996,60130190
THA,2000,62952639
THA,2002,64069093
THA,2004,64995303
THA,2006,65812540
THA,2008,66530980
THA,2012,67835969
THA,2014,68438748
THA,2016,68971313
TJK,1996,5851354
TJK,2000,6216329
TJK,2002,6426861
TJK,2004,6662391
TJK,2006,6922590
TJK,2008,7209924
TJK,2010,7527397
TJK,2012,7874838
TJK,2014,8252828
TJK,2016,8663575
TKM,1996,4287337
TKM,2000,4516128
TKM,2004,4703396
TKM,2008,4935765
TKM,2012,5267906
TKM,2016,5662371
TLS,2004,971889
TLS,2008,1055428
TLS,2012,1133002
TLS,2014,1174333
TLS,2016,1219289
TOG,1972,
TOG,1984,
TOG,1988,
TOG,1992,
TOG,1996,
TOG,2000,
TOG,2004,
TOG,2008,
TOG,2012,
TOG,2014,
TOG,2016,
TPE,1956,
TPE,1960,
TPE,1964,
TPE,1968,
TPE,1972,
TPE,1976,
TPE,1984,
TPE,1988,
TPE,1992,
TPE,1994,
TPE,1996,
TPE,1998,
TPE,2000,
TPE,2002,
TPE,2004,
TPE,2006,
TPE,2008,
TPE,2010,
TPE,2012,
TPE,2014,
TPE,2016,
TTO,1948,405000
TTO,1952,476000
TTO,1956,476000
TTO,1964,902620
TTO,1968,930792
TTO,1972,968136
TTO,1976,1025104
TTO,1980,1084743
TTO,1984,1155083
TTO,1988,1204150
TTO,1992,1236685
TTO,1994,1249527
TTO,1996,1257547
TTO,1998,1261699
TTO,2000,1267159
TTO,2002,1277210
TTO,2004,1290115
TTO,2008,1314449
TTO,2012,1344814
TTO,2016,1377563
TUN,1960,4178235
TUN,1964,4461111
TUN,1968,4845220
TUN,1972,5291335
TUN,1976,5786482
TUN,1984,7135265
TUN,1988,7880333
TUN,1992,8613855
TUN,1996,9267335
TUN,2000,9708347
TUN,2004,10022278
TUN,2008,10414425
TUN,2012,10846993
TUN,2016,11303942
TUR,1906,0
TUR,1912,0
TUR,1924,15000000
TUR,1928,15000000
TUR,1932,13877000
TUR,1936,13877000
TUR,1948,14928000
TUR,1952,17821000
TUR,1956,17821000
TUR,1960,27472339
TUR,1964,30244258
TUR,1968,33256465
TUR,1972,36587267
TUR,1976,40189561
TUR,1984,48114158
TUR,1988,52053764
TUR,1992,55748946
TUR,1994,57564209
TUR,1996,59423278
TUR,1998,61329665
TUR,2000,63240196
TUR,2002,65145357
TUR,2004,67010930
TUR,2006,68756809
TUR,2008,70418612
TUR,2010,72326992
TUR,2012,74651046
TUR,2014,77229262
TUR,2016,79827868
TUV,2008,10315
TUV,2012,10744
TUV,2016,11232
UAE,1984,
UAE,1988,
UAE,1992,
UAE,1996,
UAE,2000,
UAE,2004,
UAE,2008,
UAE,2012,
UAE,2016,
UAR,1960,
UGA,1956,4315226.119
UGA,1960,6767092
UGA,1964,7719108
UGA,1968,8841156
UGA,1972,9929644
UGA,1980,12442333
UGA,1984,14082870
UGA,1988,16180129
UGA,1992,18561668
UGA,1996,21032817
UGA,2000,23650159
UGA,2004,26821300
UGA,2008,30431734
UGA,2012,34558700
UGA,2016,39649173
UKR,1994,51921400
UKR,1996,51057800
UKR,1998,50144500
UKR,2000,49176500
UKR,2002,48202470
UKR,2004,47451626
UKR,2006,46787786
UKR,2008,46258189
UKR,2010,45870741
UKR,2012,45593342
UKR,2014,45272155
UKR,2016,45004673
UNK,1912,
URS,1952,
URS,1956,
URS,1960,
URS,1964,
URS,1968,
URS,1972,
URS,1976,
URS,1980,
URS,1984,
URS,1988,
URU,1924,
URU,1928,
URU,1932,
URU,1936,
URU,1948,
URU,1952,
URU,1956,
URU,1960,
URU,1964,
URU,1968,
URU,1972,
URU,1976,
URU,1984,
URU,1988,
URU,1992,
URU,1996,
URU,1998,
URU,2000,
URU,2004,
URU,2008,
URU,2012,
URU,2016,
USA,1896,63302000
USA,1900,63302000
USA,1904,63302000
USA,1906,63302000
USA,1908,63302000
USA,1912,76391000
USA,1920,92767000
USA,1924,92767000
USA,1928,92767000
USA,1932,106881000
USA,1936,106881000
USA,1948,123668000
USA,1952,132637000
USA,1956,132637000
USA,1960,180671000
USA,1964,191889000
USA,1968,200706000
USA,1972,209896000
USA,1976,218035000
USA,1980,227225000
USA,1984,235825000
USA,1988,244499000
USA,1992,256514000
USA,1994,263126000
USA,1996,269394000
USA,1998,275854000
USA,2000,282162411
USA,2002,287625193
USA,2004,292805298
USA,2006,298379912
USA,2008,304093966
USA,2010,309327143
USA,2012,313877662
USA,2014,318386329
USA,2016,323071755
UZB,1994,22377000
UZB,1996,23225000
UZB,1998,24051000
UZB,2000,24650400
UZB,2002,25271850
UZB,2004,25864350
UZB,2006,26488250
UZB,2008,27302800
UZB,2010,28562400
UZB,2012,29774500
UZB,2014,30757700
UZB,2016,31847900
VAN,1988,
VAN,1992,
VAN,1996,
VAN,2000,
VAN,2004,
VAN,2008,
VAN,2012,
VAN,2016,
VEN,1932,2992000
VEN,1948,3300000
VEN,1952,3784000
VEN,1956,3784000
VEN,1960,8141839
VEN,1964,9369101
VEN,1968,10702281
VEN,1972,12097696
VEN,1976,13572210
VEN,1980,15182616
VEN,1984,16876703
VEN,1988,18698850
VEN,1992,20557694
VEN,1996,22385650
VEN,1998,23288567
VEN,2000,24192449
VEN,2002,25100407
VEN,2004,25996594
VEN,2006,26850190
VEN,2008,27635827
VEN,2012,29360827
VEN,2014,30042973
VEN,2016,29851249
VIE,1980,
VIE,1988,
VIE,1992,
VIE,1996,
VIE,2000,
VIE,2004,
VIE,2008,
VIE,2012,
VIE,2016,
VIN,1988,
VIN,1992,
VIN,1996,
VIN,2000,
VIN,2004,
VIN,2008,
VIN,2012,
VIN,2016,
VNM,1952,18972000
VNM,1956,18972000
VNM,1960,32670048
VNM,1964,36780001
VNM,1968,41193588
VNM,1972,45548476
WIF,1960,
YAR,1984,
YAR,1988,
YEM,1992,12954157
YEM,1996,15469274
YEM,2000,17409071
YEM,2004,19540096
YEM,2008,21892149
YEM,2012,24473176
YEM,2016,27168210
YMD,1988,
YUG,1920,
YUG,1924,
YUG,1928,
YUG,1932,
YUG,1936,
YUG,1948,
YUG,1952,
YUG,1956,
YUG,1960,
YUG,1964,
YUG,1968,
YUG,1972,
YUG,1976,
YUG,1980,
YUG,1984,
YUG,1988,
YUG,1992,
ZAM,1964,
ZAM,1968,
ZAM,1972,
ZAM,1980,
ZAM,1984,
ZAM,1988,
ZAM,1992,
ZAM,1996,
ZAM,2000,
ZAM,2004,
ZAM,2008,
ZAM,2012,
ZAM,2016,
ZIM,1928,
ZIM,1960,
ZIM,1964,
ZIM,1980,
ZIM,1984,
ZIM,1988,
ZIM,1992,
ZIM,1996,
ZIM,2000,
ZIM,2004,
ZIM,2008,
ZIM,2012,
ZIM,2014,
ZIM,2016,
